Product Name,Product Description,Short Description,SKU,Price,Compare at Price,Cost per Item,Category,Subcategory,Brand,Product Type,Vendor,Image URL,Image Alt Text,Inventory Quantity,Inventory Policy,Weight (lbs),Dimensions,Active,Taxable,Requires Shipping,Tags,SEO Title,SEO Description,Handle
"Angels set of 3 9in x12in - Original","Angels set of 3 9in x12in - Original","Angels set of 3 9in x12in - Original","original-1",50.00,60.00,30.00,"Artwork","Original Artwork","Art with Heart & Gifts","Original","Charmin","https://yourdomain.com/images/1. Angels set of 3 9in x12in 50.00.jpg","Angels set of 3 9in x12in - Original",1,deny,1.0,"9in x 12in",Yes,Yes,Yes,"art,original,artwork,handmade","Angels set of 3 9in x12in - Original - Art with Heart & Gifts","Beautiful original artwork by Charmin. Angels set of 3 9in x12in - Original","angels-set-of-3-9in-x12in---original"
"Angels set of 3 9in x12in - Print","Angels set of 3 9in x12in - Print","Angels set of 3 9in x12in - Print","print-1",20.00,,8.00,"Artwork","Prints","Art with Heart & Gifts","Print","Charmin","https://yourdomain.com/images/1. Angels set of 3 9in x12in 50.00.jpg","Angels set of 3 9in x12in - Print",999,continue,0.3,"8x10",Yes,Yes,Yes,"art,print,artwork,handmade","Angels set of 3 9in x12in - Print - Art with Heart & Gifts","Beautiful print artwork by Charmin. Angels set of 3 9in x12in - Print","angels-set-of-3-9in-x12in---print"
"Barn 9in x 12in - Original","Barn 9in x 12in - Original","Barn 9in x 12in - Original","original-2",25.00,30.00,15.00,"Artwork","Original Artwork","Art with Heart & Gifts","Original","Charmin","https://yourdomain.com/images/2. Barn 9in x 12in 25.00.jpg","Barn 9in x 12in - Original",1,deny,1.0,"9in x 12in",Yes,Yes,Yes,"art,original,artwork,handmade","Barn 9in x 12in - Original - Art with Heart & Gifts","Beautiful original artwork by Charmin. Barn 9in x 12in - Original","barn-9in-x-12in---original"
"Barn 9in x 12in - Print","Barn 9in x 12in - Print","Barn 9in x 12in - Print","print-2",10.00,,4.00,"Artwork","Prints","Art with Heart & Gifts","Print","Charmin","https://yourdomain.com/images/2. Barn 9in x 12in 25.00.jpg","Barn 9in x 12in - Print",999,continue,0.3,"8x10",Yes,Yes,Yes,"art,print,artwork,handmade","Barn 9in x 12in - Print - Art with Heart & Gifts","Beautiful print artwork by Charmin. Barn 9in x 12in - Print","barn-9in-x-12in---print"
"Mermaid Dreams 9in x 12in - Original","Mermaid Dreams 9in x 12in - Original","Mermaid Dreams 9in x 12in - Original","original-3",25.00,30.00,15.00,"Artwork","Original Artwork","Art with Heart & Gifts","Original","Charmin","https://yourdomain.com/images/3. Mermaid Dreams 9in x 12in 25.00.jpg","Mermaid Dreams 9in x 12in - Original",1,deny,1.0,"9in x 12in",Yes,Yes,Yes,"art,original,artwork,handmade","Mermaid Dreams 9in x 12in - Original - Art with Heart & Gifts","Beautiful original artwork by Charmin. Mermaid Dreams 9in x 12in - Original","mermaid-dreams-9in-x-12in---original"
"Mermaid Dreams 9in x 12in - Print","Mermaid Dreams 9in x 12in - Print","Mermaid Dreams 9in x 12in - Print","print-3",10.00,,4.00,"Artwork","Prints","Art with Heart & Gifts","Print","Charmin","https://yourdomain.com/images/3. Mermaid Dreams 9in x 12in 25.00.jpg","Mermaid Dreams 9in x 12in - Print",999,continue,0.3,"8x10",Yes,Yes,Yes,"art,print,artwork,handmade","Mermaid Dreams 9in x 12in - Print - Art with Heart & Gifts","Beautiful print artwork by Charmin. Mermaid Dreams 9in x 12in - Print","mermaid-dreams-9in-x-12in---print"
"Mermaid Dreams 9in x 12in - Original","Mermaid Dreams 9in x 12in - Original","Mermaid Dreams 9in x 12in - Original","original-4",25.00,30.00,15.00,"Artwork","Original Artwork","Art with Heart & Gifts","Original","Charmin","https://yourdomain.com/images/4. Mermaid Dreams 9in x 12in 25.00.jpg","Mermaid Dreams 9in x 12in - Original",1,deny,1.0,"9in x 12in",Yes,Yes,Yes,"art,original,artwork,handmade","Mermaid Dreams 9in x 12in - Original - Art with Heart & Gifts","Beautiful original artwork by Charmin. Mermaid Dreams 9in x 12in - Original","mermaid-dreams-9in-x-12in---original"
"Mermaid Dreams 9in x 12in - Print","Mermaid Dreams 9in x 12in - Print","Mermaid Dreams 9in x 12in - Print","print-4",10.00,,4.00,"Artwork","Prints","Art with Heart & Gifts","Print","Charmin","https://yourdomain.com/images/4. Mermaid Dreams 9in x 12in 25.00.jpg","Mermaid Dreams 9in x 12in - Print",999,continue,0.3,"8x10",Yes,Yes,Yes,"art,print,artwork,handmade","Mermaid Dreams 9in x 12in - Print - Art with Heart & Gifts","Beautiful print artwork by Charmin. Mermaid Dreams 9in x 12in - Print","mermaid-dreams-9in-x-12in---print"
"Lighthouse Big Red 11in x 14in - Original","Lighthouse Big Red 11in x 14in - Original","Lighthouse Big Red 11in x 14in - Original","original-5",30.00,36.00,18.00,"Artwork","Original Artwork","Art with Heart & Gifts","Original","Charmin","https://yourdomain.com/images/5. Lighthouse Big Red 11in x 14in 30.00.jpg","Lighthouse Big Red 11in x 14in - Original",1,deny,1.0,"11in x 14in",Yes,Yes,Yes,"art,original,artwork,handmade","Lighthouse Big Red 11in x 14in - Original - Art with Heart & Gifts","Beautiful original artwork by Charmin. Lighthouse Big Red 11in x 14in - Original","lighthouse-big-red-11in-x-14in---original"
"Lighthouse Big Red 11in x 14in - Print","Lighthouse Big Red 11in x 14in - Print","Lighthouse Big Red 11in x 14in - Print","print-5",12.00,,4.80,"Artwork","Prints","Art with Heart & Gifts","Print","Charmin","https://yourdomain.com/images/5. Lighthouse Big Red 11in x 14in 30.00.jpg","Lighthouse Big Red 11in x 14in - Print",999,continue,0.3,"8x10",Yes,Yes,Yes,"art,print,artwork,handmade","Lighthouse Big Red 11in x 14in - Print - Art with Heart & Gifts","Beautiful print artwork by Charmin. Lighthouse Big Red 11in x 14in - Print","lighthouse-big-red-11in-x-14in---print"
"Pumpkin Man 9in x 12in - Original","Pumpkin Man 9in x 12in - Original","Pumpkin Man 9in x 12in - Original","original-6",20.00,24.00,12.00,"Artwork","Original Artwork","Art with Heart & Gifts","Original","Charmin","https://yourdomain.com/images/6. Pumpkin Man 9in x 12in 20.00.jpg","Pumpkin Man 9in x 12in - Original",1,deny,1.0,"9in x 12in",Yes,Yes,Yes,"art,original,artwork,handmade","Pumpkin Man 9in x 12in - Original - Art with Heart & Gifts","Beautiful original artwork by Charmin. Pumpkin Man 9in x 12in - Original","pumpkin-man-9in-x-12in---original"
"Pumpkin Man 9in x 12in - Print","Pumpkin Man 9in x 12in - Print","Pumpkin Man 9in x 12in - Print","print-6",8.00,,3.20,"Artwork","Prints","Art with Heart & Gifts","Print","Charmin","https://yourdomain.com/images/6. Pumpkin Man 9in x 12in 20.00.jpg","Pumpkin Man 9in x 12in - Print",999,continue,0.3,"8x10",Yes,Yes,Yes,"art,print,artwork,handmade","Pumpkin Man 9in x 12in - Print - Art with Heart & Gifts","Beautiful print artwork by Charmin. Pumpkin Man 9in x 12in - Print","pumpkin-man-9in-x-12in---print"
"Love Tree 11in x 14in - Original","Love Tree 11in x 14in - Original","Love Tree 11in x 14in - Original","original-7",25.00,30.00,15.00,"Artwork","Original Artwork","Art with Heart & Gifts","Original","Charmin","https://yourdomain.com/images/7. Love Tree 11in x 14in 25.00.jpg","Love Tree 11in x 14in - Original",1,deny,1.0,"11in x 14in",Yes,Yes,Yes,"art,original,artwork,handmade","Love Tree 11in x 14in - Original - Art with Heart & Gifts","Beautiful original artwork by Charmin. Love Tree 11in x 14in - Original","love-tree-11in-x-14in---original"
"Love Tree 11in x 14in - Print","Love Tree 11in x 14in - Print","Love Tree 11in x 14in - Print","print-7",10.00,,4.00,"Artwork","Prints","Art with Heart & Gifts","Print","Charmin","https://yourdomain.com/images/7. Love Tree 11in x 14in 25.00.jpg","Love Tree 11in x 14in - Print",999,continue,0.3,"8x10",Yes,Yes,Yes,"art,print,artwork,handmade","Love Tree 11in x 14in - Print - Art with Heart & Gifts","Beautiful print artwork by Charmin. Love Tree 11in x 14in - Print","love-tree-11in-x-14in---print"
"Sunburst 11in x 14in - Original","Sunburst 11in x 14in - Original","Sunburst 11in x 14in - Original","original-8",25.00,30.00,15.00,"Artwork","Original Artwork","Art with Heart & Gifts","Original","Charmin","https://yourdomain.com/images/8. Sunburst 11in x 14in 25.00.jpg","Sunburst 11in x 14in - Original",1,deny,1.0,"11in x 14in",Yes,Yes,Yes,"art,original,artwork,handmade","Sunburst 11in x 14in - Original - Art with Heart & Gifts","Beautiful original artwork by Charmin. Sunburst 11in x 14in - Original","sunburst-11in-x-14in---original"
"Sunburst 11in x 14in - Print","Sunburst 11in x 14in - Print","Sunburst 11in x 14in - Print","print-8",10.00,,4.00,"Artwork","Prints","Art with Heart & Gifts","Print","Charmin","https://yourdomain.com/images/8. Sunburst 11in x 14in 25.00.jpg","Sunburst 11in x 14in - Print",999,continue,0.3,"8x10",Yes,Yes,Yes,"art,print,artwork,handmade","Sunburst 11in x 14in - Print - Art with Heart & Gifts","Beautiful print artwork by Charmin. Sunburst 11in x 14in - Print","sunburst-11in-x-14in---print"
"Big Sky 11in x 14in - Original","Big Sky 11in x 14in - Original","Big Sky 11in x 14in - Original","original-9",25.00,30.00,15.00,"Artwork","Original Artwork","Art with Heart & Gifts","Original","Charmin","https://yourdomain.com/images/9. Big Sky 11in x 14in 25.00.jpg","Big Sky 11in x 14in - Original",1,deny,1.0,"11in x 14in",Yes,Yes,Yes,"art,original,artwork,handmade","Big Sky 11in x 14in - Original - Art with Heart & Gifts","Beautiful original artwork by Charmin. Big Sky 11in x 14in - Original","big-sky-11in-x-14in---original"
"Big Sky 11in x 14in - Print","Big Sky 11in x 14in - Print","Big Sky 11in x 14in - Print","print-9",10.00,,4.00,"Artwork","Prints","Art with Heart & Gifts","Print","Charmin","https://yourdomain.com/images/9. Big Sky 11in x 14in 25.00.jpg","Big Sky 11in x 14in - Print",999,continue,0.3,"8x10",Yes,Yes,Yes,"art,print,artwork,handmade","Big Sky 11in x 14in - Print - Art with Heart & Gifts","Beautiful print artwork by Charmin. Big Sky 11in x 14in - Print","big-sky-11in-x-14in---print"
"Corey's Turtle Prints only - Original","Corey's Turtle Prints only - Original","Corey's Turtle Prints only - Original","original-10",10.00,12.00,6.00,"Artwork","Original Artwork","Art with Heart & Gifts","Original","Charmin","https://yourdomain.com/images/10. Corey's Turtle Prints only 10.00 8in x 10in.jpg","Corey's Turtle Prints only - Original",1,deny,1.0,"8in x 10in",Yes,Yes,Yes,"art,original,artwork,handmade","Corey's Turtle Prints only - Original - Art with Heart & Gifts","Beautiful original artwork by Charmin. Corey's Turtle Prints only - Original","coreys-turtle-prints-only---original"
"Corey's Turtle Prints only - Print","Corey's Turtle Prints only - Print","Corey's Turtle Prints only - Print","print-10",5.00,,2.00,"Artwork","Prints","Art with Heart & Gifts","Print","Charmin","https://yourdomain.com/images/10. Corey's Turtle Prints only 10.00 8in x 10in.jpg","Corey's Turtle Prints only - Print",999,continue,0.3,"8x10",Yes,Yes,Yes,"art,print,artwork,handmade","Corey's Turtle Prints only - Print - Art with Heart & Gifts","Beautiful print artwork by Charmin. Corey's Turtle Prints only - Print","coreys-turtle-prints-only---print"
"Swan 11in x 15in - Original","Swan 11in x 15in - Original","Swan 11in x 15in - Original","original-11",25.00,30.00,15.00,"Artwork","Original Artwork","Art with Heart & Gifts","Original","Charmin","https://yourdomain.com/images/11. Swan 11in x 15in 25.00.jpg","Swan 11in x 15in - Original",1,deny,1.0,"11in x 15in",Yes,Yes,Yes,"art,original,artwork,handmade","Swan 11in x 15in - Original - Art with Heart & Gifts","Beautiful original artwork by Charmin. Swan 11in x 15in - Original","swan-11in-x-15in---original"
"Swan 11in x 15in - Print","Swan 11in x 15in - Print","Swan 11in x 15in - Print","print-11",10.00,,4.00,"Artwork","Prints","Art with Heart & Gifts","Print","Charmin","https://yourdomain.com/images/11. Swan 11in x 15in 25.00.jpg","Swan 11in x 15in - Print",999,continue,0.3,"8x10",Yes,Yes,Yes,"art,print,artwork,handmade","Swan 11in x 15in - Print - Art with Heart & Gifts","Beautiful print artwork by Charmin. Swan 11in x 15in - Print","swan-11in-x-15in---print"
"Pumpkin Patch pair 11in x 15in - Original","Pumpkin Patch pair 11in x 15in - Original","Pumpkin Patch pair 11in x 15in - Original","original-12",40.00,48.00,24.00,"Artwork","Original Artwork","Art with Heart & Gifts","Original","Charmin","https://yourdomain.com/images/12. Pumpkin Patch pair 11in x 15in 40.00.jpg","Pumpkin Patch pair 11in x 15in - Original",1,deny,1.0,"11in x 15in",Yes,Yes,Yes,"art,original,artwork,handmade","Pumpkin Patch pair 11in x 15in - Original - Art with Heart & Gifts","Beautiful original artwork by Charmin. Pumpkin Patch pair 11in x 15in - Original","pumpkin-patch-pair-11in-x-15in---original"
"Pumpkin Patch pair 11in x 15in - Print","Pumpkin Patch pair 11in x 15in - Print","Pumpkin Patch pair 11in x 15in - Print","print-12",16.00,,6.40,"Artwork","Prints","Art with Heart & Gifts","Print","Charmin","https://yourdomain.com/images/12. Pumpkin Patch pair 11in x 15in 40.00.jpg","Pumpkin Patch pair 11in x 15in - Print",999,continue,0.3,"8x10",Yes,Yes,Yes,"art,print,artwork,handmade","Pumpkin Patch pair 11in x 15in - Print - Art with Heart & Gifts","Beautiful print artwork by Charmin. Pumpkin Patch pair 11in x 15in - Print","pumpkin-patch-pair-11in-x-15in---print"
"Red Sky 11in x 14in - Original","Red Sky 11in x 14in - Original","Red Sky 11in x 14in - Original","original-13",25.00,30.00,15.00,"Artwork","Original Artwork","Art with Heart & Gifts","Original","Charmin","https://yourdomain.com/images/13. Red Sky 11in x 14in 25.00.jpg","Red Sky 11in x 14in - Original",1,deny,1.0,"11in x 14in",Yes,Yes,Yes,"art,original,artwork,handmade","Red Sky 11in x 14in - Original - Art with Heart & Gifts","Beautiful original artwork by Charmin. Red Sky 11in x 14in - Original","red-sky-11in-x-14in---original"
"Red Sky 11in x 14in - Print","Red Sky 11in x 14in - Print","Red Sky 11in x 14in - Print","print-13",10.00,,4.00,"Artwork","Prints","Art with Heart & Gifts","Print","Charmin","https://yourdomain.com/images/13. Red Sky 11in x 14in 25.00.jpg","Red Sky 11in x 14in - Print",999,continue,0.3,"8x10",Yes,Yes,Yes,"art,print,artwork,handmade","Red Sky 11in x 14in - Print - Art with Heart & Gifts","Beautiful print artwork by Charmin. Red Sky 11in x 14in - Print","red-sky-11in-x-14in---print"
"Beach Day 9in x 12in - Original","Beach Day 9in x 12in - Original","Beach Day 9in x 12in - Original","original-14",20.00,24.00,12.00,"Artwork","Original Artwork","Art with Heart & Gifts","Original","Charmin","https://yourdomain.com/images/14. Beach Day 9in x 12in 20.00.jpg","Beach Day 9in x 12in - Original",1,deny,1.0,"9in x 12in",Yes,Yes,Yes,"art,original,artwork,handmade","Beach Day 9in x 12in - Original - Art with Heart & Gifts","Beautiful original artwork by Charmin. Beach Day 9in x 12in - Original","beach-day-9in-x-12in---original"
"Beach Day 9in x 12in - Print","Beach Day 9in x 12in - Print","Beach Day 9in x 12in - Print","print-14",8.00,,3.20,"Artwork","Prints","Art with Heart & Gifts","Print","Charmin","https://yourdomain.com/images/14. Beach Day 9in x 12in 20.00.jpg","Beach Day 9in x 12in - Print",999,continue,0.3,"8x10",Yes,Yes,Yes,"art,print,artwork,handmade","Beach Day 9in x 12in - Print - Art with Heart & Gifts","Beautiful print artwork by Charmin. Beach Day 9in x 12in - Print","beach-day-9in-x-12in---print"
"Blessings 9in x 12in - Original","Blessings 9in x 12in - Original","Blessings 9in x 12in - Original","original-15",15.00,18.00,9.00,"Artwork","Original Artwork","Art with Heart & Gifts","Original","Charmin","https://yourdomain.com/images/15. Blessings 9in x 12in 15.00.jpg","Blessings 9in x 12in - Original",1,deny,1.0,"9in x 12in",Yes,Yes,Yes,"art,original,artwork,handmade","Blessings 9in x 12in - Original - Art with Heart & Gifts","Beautiful original artwork by Charmin. Blessings 9in x 12in - Original","blessings-9in-x-12in---original"
"Blessings 9in x 12in - Print","Blessings 9in x 12in - Print","Blessings 9in x 12in - Print","print-15",6.00,,2.40,"Artwork","Prints","Art with Heart & Gifts","Print","Charmin","https://yourdomain.com/images/15. Blessings 9in x 12in 15.00.jpg","Blessings 9in x 12in - Print",999,continue,0.3,"8x10",Yes,Yes,Yes,"art,print,artwork,handmade","Blessings 9in x 12in - Print - Art with Heart & Gifts","Beautiful print artwork by Charmin. Blessings 9in x 12in - Print","blessings-9in-x-12in---print"
"Koi Fish 9in x 12in - Original","Koi Fish 9in x 12in - Original","Koi Fish 9in x 12in - Original","original-16",20.00,24.00,12.00,"Artwork","Original Artwork","Art with Heart & Gifts","Original","Charmin","https://yourdomain.com/images/16. Koi Fish 9in x 12in 20.00.jpg","Koi Fish 9in x 12in - Original",1,deny,1.0,"9in x 12in",Yes,Yes,Yes,"art,original,artwork,handmade","Koi Fish 9in x 12in - Original - Art with Heart & Gifts","Beautiful original artwork by Charmin. Koi Fish 9in x 12in - Original","koi-fish-9in-x-12in---original"
"Koi Fish 9in x 12in - Print","Koi Fish 9in x 12in - Print","Koi Fish 9in x 12in - Print","print-16",8.00,,3.20,"Artwork","Prints","Art with Heart & Gifts","Print","Charmin","https://yourdomain.com/images/16. Koi Fish 9in x 12in 20.00.jpg","Koi Fish 9in x 12in - Print",999,continue,0.3,"8x10",Yes,Yes,Yes,"art,print,artwork,handmade","Koi Fish 9in x 12in - Print - Art with Heart & Gifts","Beautiful print artwork by Charmin. Koi Fish 9in x 12in - Print","koi-fish-9in-x-12in---print"
"Lavender 8in x 10in - Original","Lavender 8in x 10in - Original","Lavender 8in x 10in - Original","original-17",15.00,18.00,9.00,"Artwork","Original Artwork","Art with Heart & Gifts","Original","Charmin","https://yourdomain.com/images/17. Lavender 8in x 10in 15.00.jpg","Lavender 8in x 10in - Original",1,deny,1.0,"8in x 10in",Yes,Yes,Yes,"art,original,artwork,handmade","Lavender 8in x 10in - Original - Art with Heart & Gifts","Beautiful original artwork by Charmin. Lavender 8in x 10in - Original","lavender-8in-x-10in---original"
"Lavender 8in x 10in - Print","Lavender 8in x 10in - Print","Lavender 8in x 10in - Print","print-17",6.00,,2.40,"Artwork","Prints","Art with Heart & Gifts","Print","Charmin","https://yourdomain.com/images/17. Lavender 8in x 10in 15.00.jpg","Lavender 8in x 10in - Print",999,continue,0.3,"8x10",Yes,Yes,Yes,"art,print,artwork,handmade","Lavender 8in x 10in - Print - Art with Heart & Gifts","Beautiful print artwork by Charmin. Lavender 8in x 10in - Print","lavender-8in-x-10in---print"
"Blue Sparkel 8in x 10in - Original","Blue Sparkel 8in x 10in - Original","Blue Sparkel 8in x 10in - Original","original-18",15.00,18.00,9.00,"Artwork","Original Artwork","Art with Heart & Gifts","Original","Charmin","https://yourdomain.com/images/18. Blue Sparkel 8in x 10in 15.00.jpg","Blue Sparkel 8in x 10in - Original",1,deny,1.0,"8in x 10in",Yes,Yes,Yes,"art,original,artwork,handmade","Blue Sparkel 8in x 10in - Original - Art with Heart & Gifts","Beautiful original artwork by Charmin. Blue Sparkel 8in x 10in - Original","blue-sparkel-8in-x-10in---original"
"Blue Sparkel 8in x 10in - Print","Blue Sparkel 8in x 10in - Print","Blue Sparkel 8in x 10in - Print","print-18",6.00,,2.40,"Artwork","Prints","Art with Heart & Gifts","Print","Charmin","https://yourdomain.com/images/18. Blue Sparkel 8in x 10in 15.00.jpg","Blue Sparkel 8in x 10in - Print",999,continue,0.3,"8x10",Yes,Yes,Yes,"art,print,artwork,handmade","Blue Sparkel 8in x 10in - Print - Art with Heart & Gifts","Beautiful print artwork by Charmin. Blue Sparkel 8in x 10in - Print","blue-sparkel-8in-x-10in---print"
"Wavy Blue 8in x 10in - Original","Wavy Blue 8in x 10in - Original","Wavy Blue 8in x 10in - Original","original-19",15.00,18.00,9.00,"Artwork","Original Artwork","Art with Heart & Gifts","Original","Charmin","https://yourdomain.com/images/19. Wavy Blue 8in x 10in 15.00.jpg","Wavy Blue 8in x 10in - Original",1,deny,1.0,"8in x 10in",Yes,Yes,Yes,"art,original,artwork,handmade","Wavy Blue 8in x 10in - Original - Art with Heart & Gifts","Beautiful original artwork by Charmin. Wavy Blue 8in x 10in - Original","wavy-blue-8in-x-10in---original"
"Wavy Blue 8in x 10in - Print","Wavy Blue 8in x 10in - Print","Wavy Blue 8in x 10in - Print","print-19",6.00,,2.40,"Artwork","Prints","Art with Heart & Gifts","Print","Charmin","https://yourdomain.com/images/19. Wavy Blue 8in x 10in 15.00.jpg","Wavy Blue 8in x 10in - Print",999,continue,0.3,"8x10",Yes,Yes,Yes,"art,print,artwork,handmade","Wavy Blue 8in x 10in - Print - Art with Heart & Gifts","Beautiful print artwork by Charmin. Wavy Blue 8in x 10in - Print","wavy-blue-8in-x-10in---print"
"Full Moon 8in x 10in - Original","Full Moon 8in x 10in - Original","Full Moon 8in x 10in - Original","original-20",15.00,18.00,9.00,"Artwork","Original Artwork","Art with Heart & Gifts","Original","Charmin","https://yourdomain.com/images/20. Full Moon 8in x 10in 15.00.jpg","Full Moon 8in x 10in - Original",1,deny,1.0,"8in x 10in",Yes,Yes,Yes,"art,original,artwork,handmade","Full Moon 8in x 10in - Original - Art with Heart & Gifts","Beautiful original artwork by Charmin. Full Moon 8in x 10in - Original","full-moon-8in-x-10in---original"
"Full Moon 8in x 10in - Print","Full Moon 8in x 10in - Print","Full Moon 8in x 10in - Print","print-20",6.00,,2.40,"Artwork","Prints","Art with Heart & Gifts","Print","Charmin","https://yourdomain.com/images/20. Full Moon 8in x 10in 15.00.jpg","Full Moon 8in x 10in - Print",999,continue,0.3,"8x10",Yes,Yes,Yes,"art,print,artwork,handmade","Full Moon 8in x 10in - Print - Art with Heart & Gifts","Beautiful print artwork by Charmin. Full Moon 8in x 10in - Print","full-moon-8in-x-10in---print"
"Blue Calm 8in x 10in - Original","Blue Calm 8in x 10in - Original","Blue Calm 8in x 10in - Original","original-21",15.00,18.00,9.00,"Artwork","Original Artwork","Art with Heart & Gifts","Original","Charmin","https://yourdomain.com/images/21. Blue Calm 8in x 10in 15.00.jpg","Blue Calm 8in x 10in - Original",1,deny,1.0,"8in x 10in",Yes,Yes,Yes,"art,original,artwork,handmade","Blue Calm 8in x 10in - Original - Art with Heart & Gifts","Beautiful original artwork by Charmin. Blue Calm 8in x 10in - Original","blue-calm-8in-x-10in---original"
"Blue Calm 8in x 10in - Print","Blue Calm 8in x 10in - Print","Blue Calm 8in x 10in - Print","print-21",6.00,,2.40,"Artwork","Prints","Art with Heart & Gifts","Print","Charmin","https://yourdomain.com/images/21. Blue Calm 8in x 10in 15.00.jpg","Blue Calm 8in x 10in - Print",999,continue,0.3,"8x10",Yes,Yes,Yes,"art,print,artwork,handmade","Blue Calm 8in x 10in - Print - Art with Heart & Gifts","Beautiful print artwork by Charmin. Blue Calm 8in x 10in - Print","blue-calm-8in-x-10in---print"
"Night Sea 8in x 10in - Original","Night Sea 8in x 10in - Original","Night Sea 8in x 10in - Original","original-23",15.00,18.00,9.00,"Artwork","Original Artwork","Art with Heart & Gifts","Original","Charmin","https://yourdomain.com/images/23. Night Sea 8in x 10in 15.00.jpg","Night Sea 8in x 10in - Original",1,deny,1.0,"8in x 10in",Yes,Yes,Yes,"art,original,artwork,handmade","Night Sea 8in x 10in - Original - Art with Heart & Gifts","Beautiful original artwork by Charmin. Night Sea 8in x 10in - Original","night-sea-8in-x-10in---original"
"Night Sea 8in x 10in - Print","Night Sea 8in x 10in - Print","Night Sea 8in x 10in - Print","print-23",6.00,,2.40,"Artwork","Prints","Art with Heart & Gifts","Print","Charmin","https://yourdomain.com/images/23. Night Sea 8in x 10in 15.00.jpg","Night Sea 8in x 10in - Print",999,continue,0.3,"8x10",Yes,Yes,Yes,"art,print,artwork,handmade","Night Sea 8in x 10in - Print - Art with Heart & Gifts","Beautiful print artwork by Charmin. Night Sea 8in x 10in - Print","night-sea-8in-x-10in---print"
"SunShine 8in x 10in - Original","SunShine 8in x 10in - Original","SunShine 8in x 10in - Original","original-24",20.00,24.00,12.00,"Artwork","Original Artwork","Art with Heart & Gifts","Original","Charmin","https://yourdomain.com/images/24. SunShine 8in x 10in 20.00.jpg","SunShine 8in x 10in - Original",1,deny,1.0,"8in x 10in",Yes,Yes,Yes,"art,original,artwork,handmade","SunShine 8in x 10in - Original - Art with Heart & Gifts","Beautiful original artwork by Charmin. SunShine 8in x 10in - Original","sunshine-8in-x-10in---original"
"SunShine 8in x 10in - Print","SunShine 8in x 10in - Print","SunShine 8in x 10in - Print","print-24",8.00,,3.20,"Artwork","Prints","Art with Heart & Gifts","Print","Charmin","https://yourdomain.com/images/24. SunShine 8in x 10in 20.00.jpg","SunShine 8in x 10in - Print",999,continue,0.3,"8x10",Yes,Yes,Yes,"art,print,artwork,handmade","SunShine 8in x 10in - Print - Art with Heart & Gifts","Beautiful print artwork by Charmin. SunShine 8in x 10in - Print","sunshine-8in-x-10in---print"
"Behind the Fence 8in x10in - Original","Behind the Fence 8in x10in - Original","Behind the Fence 8in x10in - Original","original-25",20.00,24.00,12.00,"Artwork","Original Artwork","Art with Heart & Gifts","Original","Charmin","https://yourdomain.com/images/25. Behind the Fence 8in x10in 20.00.jpg","Behind the Fence 8in x10in - Original",1,deny,1.0,"8in x 10in",Yes,Yes,Yes,"art,original,artwork,handmade","Behind the Fence 8in x10in - Original - Art with Heart & Gifts","Beautiful original artwork by Charmin. Behind the Fence 8in x10in - Original","behind-the-fence-8in-x10in---original"
"Behind the Fence 8in x10in - Print","Behind the Fence 8in x10in - Print","Behind the Fence 8in x10in - Print","print-25",8.00,,3.20,"Artwork","Prints","Art with Heart & Gifts","Print","Charmin","https://yourdomain.com/images/25. Behind the Fence 8in x10in 20.00.jpg","Behind the Fence 8in x10in - Print",999,continue,0.3,"8x10",Yes,Yes,Yes,"art,print,artwork,handmade","Behind the Fence 8in x10in - Print - Art with Heart & Gifts","Beautiful print artwork by Charmin. Behind the Fence 8in x10in - Print","behind-the-fence-8in-x10in---print"
"On the Shore 9in x 12in - Original","On the Shore 9in x 12in - Original","On the Shore 9in x 12in - Original","original-26",20.00,24.00,12.00,"Artwork","Original Artwork","Art with Heart & Gifts","Original","Charmin","https://yourdomain.com/images/26. On the Shore 9in x 12in 20.00.jpg","On the Shore 9in x 12in - Original",1,deny,1.0,"9in x 12in",Yes,Yes,Yes,"art,original,artwork,handmade","On the Shore 9in x 12in - Original - Art with Heart & Gifts","Beautiful original artwork by Charmin. On the Shore 9in x 12in - Original","on-the-shore-9in-x-12in---original"
"On the Shore 9in x 12in - Print","On the Shore 9in x 12in - Print","On the Shore 9in x 12in - Print","print-26",8.00,,3.20,"Artwork","Prints","Art with Heart & Gifts","Print","Charmin","https://yourdomain.com/images/26. On the Shore 9in x 12in 20.00.jpg","On the Shore 9in x 12in - Print",999,continue,0.3,"8x10",Yes,Yes,Yes,"art,print,artwork,handmade","On the Shore 9in x 12in - Print - Art with Heart & Gifts","Beautiful print artwork by Charmin. On the Shore 9in x 12in - Print","on-the-shore-9in-x-12in---print"
"Charmin's Artwork #1","Charmin's Artwork #1","Charmin's Artwork #1","charmin-1",15.00,,6.00,"Charmin's Artwork","Prints","Art with Heart & Gifts","Print","Charmin","https://yourdomain.com/images/charmin-1.jpg","Charmin's Artwork #1",999,continue,0.3,"8x10",Yes,Yes,Yes,"art,print,charmin's artwork,handmade","Charmin's Artwork #1 - Art with Heart & Gifts","Beautiful print artwork by Charmin. Charmin's Artwork #1","charmins-artwork-1"
"Charmin's Artwork #2","Charmin's Artwork #2","Charmin's Artwork #2","charmin-2",15.00,,6.00,"Charmin's Artwork","Prints","Art with Heart & Gifts","Print","Charmin","https://yourdomain.com/images/charmin-2.jpg","Charmin's Artwork #2",999,continue,0.3,"8x10",Yes,Yes,Yes,"art,print,charmin's artwork,handmade","Charmin's Artwork #2 - Art with Heart & Gifts","Beautiful print artwork by Charmin. Charmin's Artwork #2","charmins-artwork-2"
"Charmin's Artwork #3","Charmin's Artwork #3","Charmin's Artwork #3","charmin-3",15.00,,6.00,"Charmin's Artwork","Prints","Art with Heart & Gifts","Print","Charmin","https://yourdomain.com/images/charmin-3.jpg","Charmin's Artwork #3",999,continue,0.3,"8x10",Yes,Yes,Yes,"art,print,charmin's artwork,handmade","Charmin's Artwork #3 - Art with Heart & Gifts","Beautiful print artwork by Charmin. Charmin's Artwork #3","charmins-artwork-3"
"Charmin's Artwork #4","Charmin's Artwork #4","Charmin's Artwork #4","charmin-4",15.00,,6.00,"Charmin's Artwork","Prints","Art with Heart & Gifts","Print","Charmin","https://yourdomain.com/images/charmin-4.jpg","Charmin's Artwork #4",999,continue,0.3,"8x10",Yes,Yes,Yes,"art,print,charmin's artwork,handmade","Charmin's Artwork #4 - Art with Heart & Gifts","Beautiful print artwork by Charmin. Charmin's Artwork #4","charmins-artwork-4"
"Charmin's Artwork #5","Charmin's Artwork #5","Charmin's Artwork #5","charmin-5",15.00,,6.00,"Charmin's Artwork","Prints","Art with Heart & Gifts","Print","Charmin","https://yourdomain.com/images/charmin-5.jpg","Charmin's Artwork #5",999,continue,0.3,"8x10",Yes,Yes,Yes,"art,print,charmin's artwork,handmade","Charmin's Artwork #5 - Art with Heart & Gifts","Beautiful print artwork by Charmin. Charmin's Artwork #5","charmins-artwork-5"
"Charmin's Artwork #6","Charmin's Artwork #6","Charmin's Artwork #6","charmin-6",15.00,,6.00,"Charmin's Artwork","Prints","Art with Heart & Gifts","Print","Charmin","https://yourdomain.com/images/charmin-6.jpg","Charmin's Artwork #6",999,continue,0.3,"8x10",Yes,Yes,Yes,"art,print,charmin's artwork,handmade","Charmin's Artwork #6 - Art with Heart & Gifts","Beautiful print artwork by Charmin. Charmin's Artwork #6","charmins-artwork-6"
"Charmin's Artwork #7","Charmin's Artwork #7","Charmin's Artwork #7","charmin-7",15.00,,6.00,"Charmin's Artwork","Prints","Art with Heart & Gifts","Print","Charmin","https://yourdomain.com/images/charmin-7.jpg","Charmin's Artwork #7",999,continue,0.3,"8x10",Yes,Yes,Yes,"art,print,charmin's artwork,handmade","Charmin's Artwork #7 - Art with Heart & Gifts","Beautiful print artwork by Charmin. Charmin's Artwork #7","charmins-artwork-7"
"Charmin's Artwork #8","Charmin's Artwork #8","Charmin's Artwork #8","charmin-8",15.00,,6.00,"Charmin's Artwork","Prints","Art with Heart & Gifts","Print","Charmin","https://yourdomain.com/images/charmin-8.jpg","Charmin's Artwork #8",999,continue,0.3,"8x10",Yes,Yes,Yes,"art,print,charmin's artwork,handmade","Charmin's Artwork #8 - Art with Heart & Gifts","Beautiful print artwork by Charmin. Charmin's Artwork #8","charmins-artwork-8"
"Charmin's Artwork #9","Charmin's Artwork #9","Charmin's Artwork #9","charmin-9",15.00,,6.00,"Charmin's Artwork","Prints","Art with Heart & Gifts","Print","Charmin","https://yourdomain.com/images/charmin-9.jpg","Charmin's Artwork #9",999,continue,0.3,"8x10",Yes,Yes,Yes,"art,print,charmin's artwork,handmade","Charmin's Artwork #9 - Art with Heart & Gifts","Beautiful print artwork by Charmin. Charmin's Artwork #9","charmins-artwork-9"
"Charmin's Artwork #10","Charmin's Artwork #10","Charmin's Artwork #10","charmin-10",15.00,,6.00,"Charmin's Artwork","Prints","Art with Heart & Gifts","Print","Charmin","https://yourdomain.com/images/charmin-10.jpg","Charmin's Artwork #10",999,continue,0.3,"8x10",Yes,Yes,Yes,"art,print,charmin's artwork,handmade","Charmin's Artwork #10 - Art with Heart & Gifts","Beautiful print artwork by Charmin. Charmin's Artwork #10","charmins-artwork-10"
"Charmin's Artwork #11","Charmin's Artwork #11","Charmin's Artwork #11","charmin-11",15.00,,6.00,"Charmin's Artwork","Prints","Art with Heart & Gifts","Print","Charmin","https://yourdomain.com/images/charmin-11.jpg","Charmin's Artwork #11",999,continue,0.3,"8x10",Yes,Yes,Yes,"art,print,charmin's artwork,handmade","Charmin's Artwork #11 - Art with Heart & Gifts","Beautiful print artwork by Charmin. Charmin's Artwork #11","charmins-artwork-11"
"Charmin's Artwork #12","Charmin's Artwork #12","Charmin's Artwork #12","charmin-12",15.00,,6.00,"Charmin's Artwork","Prints","Art with Heart & Gifts","Print","Charmin","https://yourdomain.com/images/charmin-12.jpg","Charmin's Artwork #12",999,continue,0.3,"8x10",Yes,Yes,Yes,"art,print,charmin's artwork,handmade","Charmin's Artwork #12 - Art with Heart & Gifts","Beautiful print artwork by Charmin. Charmin's Artwork #12","charmins-artwork-12"
"Charmin's Artwork #13","Charmin's Artwork #13","Charmin's Artwork #13","charmin-13",15.00,,6.00,"Charmin's Artwork","Prints","Art with Heart & Gifts","Print","Charmin","https://yourdomain.com/images/charmin-13.jpg","Charmin's Artwork #13",999,continue,0.3,"8x10",Yes,Yes,Yes,"art,print,charmin's artwork,handmade","Charmin's Artwork #13 - Art with Heart & Gifts","Beautiful print artwork by Charmin. Charmin's Artwork #13","charmins-artwork-13"
"Charmin's Artwork #14","Charmin's Artwork #14","Charmin's Artwork #14","charmin-14",15.00,,6.00,"Charmin's Artwork","Prints","Art with Heart & Gifts","Print","Charmin","https://yourdomain.com/images/charmin-14.jpg","Charmin's Artwork #14",999,continue,0.3,"8x10",Yes,Yes,Yes,"art,print,charmin's artwork,handmade","Charmin's Artwork #14 - Art with Heart & Gifts","Beautiful print artwork by Charmin. Charmin's Artwork #14","charmins-artwork-14"
"Charmin's Artwork #15","Charmin's Artwork #15","Charmin's Artwork #15","charmin-15",15.00,,6.00,"Charmin's Artwork","Prints","Art with Heart & Gifts","Print","Charmin","https://yourdomain.com/images/charmin-15.jpg","Charmin's Artwork #15",999,continue,0.3,"8x10",Yes,Yes,Yes,"art,print,charmin's artwork,handmade","Charmin's Artwork #15 - Art with Heart & Gifts","Beautiful print artwork by Charmin. Charmin's Artwork #15","charmins-artwork-15"
"Charmin's Artwork #16","Charmin's Artwork #16","Charmin's Artwork #16","charmin-16",15.00,,6.00,"Charmin's Artwork","Prints","Art with Heart & Gifts","Print","Charmin","https://yourdomain.com/images/charmin-16.jpg","Charmin's Artwork #16",999,continue,0.3,"8x10",Yes,Yes,Yes,"art,print,charmin's artwork,handmade","Charmin's Artwork #16 - Art with Heart & Gifts","Beautiful print artwork by Charmin. Charmin's Artwork #16","charmins-artwork-16"
"Charmin's Artwork #17","Charmin's Artwork #17","Charmin's Artwork #17","charmin-17",15.00,,6.00,"Charmin's Artwork","Prints","Art with Heart & Gifts","Print","Charmin","https://yourdomain.com/images/charmin-17.jpg","Charmin's Artwork #17",999,continue,0.3,"8x10",Yes,Yes,Yes,"art,print,charmin's artwork,handmade","Charmin's Artwork #17 - Art with Heart & Gifts","Beautiful print artwork by Charmin. Charmin's Artwork #17","charmins-artwork-17"
"Charmin's Artwork #18","Charmin's Artwork #18","Charmin's Artwork #18","charmin-18",15.00,,6.00,"Charmin's Artwork","Prints","Art with Heart & Gifts","Print","Charmin","https://yourdomain.com/images/charmin-18.jpg","Charmin's Artwork #18",999,continue,0.3,"8x10",Yes,Yes,Yes,"art,print,charmin's artwork,handmade","Charmin's Artwork #18 - Art with Heart & Gifts","Beautiful print artwork by Charmin. Charmin's Artwork #18","charmins-artwork-18"
"Charmin's Artwork #19","Charmin's Artwork #19","Charmin's Artwork #19","charmin-19",15.00,,6.00,"Charmin's Artwork","Prints","Art with Heart & Gifts","Print","Charmin","https://yourdomain.com/images/charmin-19.jpg","Charmin's Artwork #19",999,continue,0.3,"8x10",Yes,Yes,Yes,"art,print,charmin's artwork,handmade","Charmin's Artwork #19 - Art with Heart & Gifts","Beautiful print artwork by Charmin. Charmin's Artwork #19","charmins-artwork-19"
"Charmin's Artwork #20","Charmin's Artwork #20","Charmin's Artwork #20","charmin-20",15.00,,6.00,"Charmin's Artwork","Prints","Art with Heart & Gifts","Print","Charmin","https://yourdomain.com/images/charmin-20.jpg","Charmin's Artwork #20",999,continue,0.3,"8x10",Yes,Yes,Yes,"art,print,charmin's artwork,handmade","Charmin's Artwork #20 - Art with Heart & Gifts","Beautiful print artwork by Charmin. Charmin's Artwork #20","charmins-artwork-20"
"Charmin's Artwork #21","Charmin's Artwork #21","Charmin's Artwork #21","charmin-21",15.00,,6.00,"Charmin's Artwork","Prints","Art with Heart & Gifts","Print","Charmin","https://yourdomain.com/images/charmin-21.jpg","Charmin's Artwork #21",999,continue,0.3,"8x10",Yes,Yes,Yes,"art,print,charmin's artwork,handmade","Charmin's Artwork #21 - Art with Heart & Gifts","Beautiful print artwork by Charmin. Charmin's Artwork #21","charmins-artwork-21"
"Charmin's Artwork #22","Charmin's Artwork #22","Charmin's Artwork #22","charmin-22",15.00,,6.00,"Charmin's Artwork","Prints","Art with Heart & Gifts","Print","Charmin","https://yourdomain.com/images/charmin-22.jpg","Charmin's Artwork #22",999,continue,0.3,"8x10",Yes,Yes,Yes,"art,print,charmin's artwork,handmade","Charmin's Artwork #22 - Art with Heart & Gifts","Beautiful print artwork by Charmin. Charmin's Artwork #22","charmins-artwork-22"
"Charmin's Artwork #23","Charmin's Artwork #23","Charmin's Artwork #23","charmin-23",15.00,,6.00,"Charmin's Artwork","Prints","Art with Heart & Gifts","Print","Charmin","https://yourdomain.com/images/charmin-23.jpg","Charmin's Artwork #23",999,continue,0.3,"8x10",Yes,Yes,Yes,"art,print,charmin's artwork,handmade","Charmin's Artwork #23 - Art with Heart & Gifts","Beautiful print artwork by Charmin. Charmin's Artwork #23","charmins-artwork-23"
"Charmin's Artwork #24","Charmin's Artwork #24","Charmin's Artwork #24","charmin-24",15.00,,6.00,"Charmin's Artwork","Prints","Art with Heart & Gifts","Print","Charmin","https://yourdomain.com/images/charmin-24.jpg","Charmin's Artwork #24",999,continue,0.3,"8x10",Yes,Yes,Yes,"art,print,charmin's artwork,handmade","Charmin's Artwork #24 - Art with Heart & Gifts","Beautiful print artwork by Charmin. Charmin's Artwork #24","charmins-artwork-24"
"Charmin's Artwork #25","Charmin's Artwork #25","Charmin's Artwork #25","charmin-25",15.00,,6.00,"Charmin's Artwork","Prints","Art with Heart & Gifts","Print","Charmin","https://yourdomain.com/images/charmin-25.jpg","Charmin's Artwork #25",999,continue,0.3,"8x10",Yes,Yes,Yes,"art,print,charmin's artwork,handmade","Charmin's Artwork #25 - Art with Heart & Gifts","Beautiful print artwork by Charmin. Charmin's Artwork #25","charmins-artwork-25"
"Charmin's Artwork #26","Charmin's Artwork #26","Charmin's Artwork #26","charmin-26",15.00,,6.00,"Charmin's Artwork","Prints","Art with Heart & Gifts","Print","Charmin","https://yourdomain.com/images/charmin-26.jpg","Charmin's Artwork #26",999,continue,0.3,"8x10",Yes,Yes,Yes,"art,print,charmin's artwork,handmade","Charmin's Artwork #26 - Art with Heart & Gifts","Beautiful print artwork by Charmin. Charmin's Artwork #26","charmins-artwork-26"
"Charmin's Artwork #27","Charmin's Artwork #27","Charmin's Artwork #27","charmin-27",15.00,,6.00,"Charmin's Artwork","Prints","Art with Heart & Gifts","Print","Charmin","https://yourdomain.com/images/charmin-27.jpg","Charmin's Artwork #27",999,continue,0.3,"8x10",Yes,Yes,Yes,"art,print,charmin's artwork,handmade","Charmin's Artwork #27 - Art with Heart & Gifts","Beautiful print artwork by Charmin. Charmin's Artwork #27","charmins-artwork-27"
"Charmin's Artwork #28","Charmin's Artwork #28","Charmin's Artwork #28","charmin-28",15.00,,6.00,"Charmin's Artwork","Prints","Art with Heart & Gifts","Print","Charmin","https://yourdomain.com/images/charmin-28.jpg","Charmin's Artwork #28",999,continue,0.3,"8x10",Yes,Yes,Yes,"art,print,charmin's artwork,handmade","Charmin's Artwork #28 - Art with Heart & Gifts","Beautiful print artwork by Charmin. Charmin's Artwork #28","charmins-artwork-28"
"Charmin's Artwork #29","Charmin's Artwork #29","Charmin's Artwork #29","charmin-29",15.00,,6.00,"Charmin's Artwork","Prints","Art with Heart & Gifts","Print","Charmin","https://yourdomain.com/images/charmin-29.jpg","Charmin's Artwork #29",999,continue,0.3,"8x10",Yes,Yes,Yes,"art,print,charmin's artwork,handmade","Charmin's Artwork #29 - Art with Heart & Gifts","Beautiful print artwork by Charmin. Charmin's Artwork #29","charmins-artwork-29"
"Charmin's Artwork #30","Charmin's Artwork #30","Charmin's Artwork #30","charmin-30",15.00,,6.00,"Charmin's Artwork","Prints","Art with Heart & Gifts","Print","Charmin","https://yourdomain.com/images/charmin-30.jpg","Charmin's Artwork #30",999,continue,0.3,"8x10",Yes,Yes,Yes,"art,print,charmin's artwork,handmade","Charmin's Artwork #30 - Art with Heart & Gifts","Beautiful print artwork by Charmin. Charmin's Artwork #30","charmins-artwork-30"
"Charmin's Artwork #31","Charmin's Artwork #31","Charmin's Artwork #31","charmin-31",15.00,,6.00,"Charmin's Artwork","Prints","Art with Heart & Gifts","Print","Charmin","https://yourdomain.com/images/charmin-31.jpg","Charmin's Artwork #31",999,continue,0.3,"8x10",Yes,Yes,Yes,"art,print,charmin's artwork,handmade","Charmin's Artwork #31 - Art with Heart & Gifts","Beautiful print artwork by Charmin. Charmin's Artwork #31","charmins-artwork-31"
"Charmin's Artwork #32","Charmin's Artwork #32","Charmin's Artwork #32","charmin-32",15.00,,6.00,"Charmin's Artwork","Prints","Art with Heart & Gifts","Print","Charmin","https://yourdomain.com/images/charmin-32.jpg","Charmin's Artwork #32",999,continue,0.3,"8x10",Yes,Yes,Yes,"art,print,charmin's artwork,handmade","Charmin's Artwork #32 - Art with Heart & Gifts","Beautiful print artwork by Charmin. Charmin's Artwork #32","charmins-artwork-32"
"Charmin's Artwork #33","Charmin's Artwork #33","Charmin's Artwork #33","charmin-33",15.00,,6.00,"Charmin's Artwork","Prints","Art with Heart & Gifts","Print","Charmin","https://yourdomain.com/images/charmin-33.jpg","Charmin's Artwork #33",999,continue,0.3,"8x10",Yes,Yes,Yes,"art,print,charmin's artwork,handmade","Charmin's Artwork #33 - Art with Heart & Gifts","Beautiful print artwork by Charmin. Charmin's Artwork #33","charmins-artwork-33"
"Charmin's Artwork #34","Charmin's Artwork #34","Charmin's Artwork #34","charmin-34",15.00,,6.00,"Charmin's Artwork","Prints","Art with Heart & Gifts","Print","Charmin","https://yourdomain.com/images/charmin-34.jpg","Charmin's Artwork #34",999,continue,0.3,"8x10",Yes,Yes,Yes,"art,print,charmin's artwork,handmade","Charmin's Artwork #34 - Art with Heart & Gifts","Beautiful print artwork by Charmin. Charmin's Artwork #34","charmins-artwork-34"
"Charmin's Artwork #35","Charmin's Artwork #35","Charmin's Artwork #35","charmin-35",15.00,,6.00,"Charmin's Artwork","Prints","Art with Heart & Gifts","Print","Charmin","https://yourdomain.com/images/charmin-35.jpg","Charmin's Artwork #35",999,continue,0.3,"8x10",Yes,Yes,Yes,"art,print,charmin's artwork,handmade","Charmin's Artwork #35 - Art with Heart & Gifts","Beautiful print artwork by Charmin. Charmin's Artwork #35","charmins-artwork-35"
"Charmin's Artwork #36","Charmin's Artwork #36","Charmin's Artwork #36","charmin-36",15.00,,6.00,"Charmin's Artwork","Prints","Art with Heart & Gifts","Print","Charmin","https://yourdomain.com/images/charmin-36.jpg","Charmin's Artwork #36",999,continue,0.3,"8x10",Yes,Yes,Yes,"art,print,charmin's artwork,handmade","Charmin's Artwork #36 - Art with Heart & Gifts","Beautiful print artwork by Charmin. Charmin's Artwork #36","charmins-artwork-36"
"Charmin's Artwork #38","Charmin's Artwork #38","Charmin's Artwork #38","charmin-38",15.00,,6.00,"Charmin's Artwork","Prints","Art with Heart & Gifts","Print","Charmin","https://yourdomain.com/images/charmin-38.jpg","Charmin's Artwork #38",999,continue,0.3,"8x10",Yes,Yes,Yes,"art,print,charmin's artwork,handmade","Charmin's Artwork #38 - Art with Heart & Gifts","Beautiful print artwork by Charmin. Charmin's Artwork #38","charmins-artwork-38"
"Charmin's Artwork #39","Charmin's Artwork #39","Charmin's Artwork #39","charmin-39",15.00,,6.00,"Charmin's Artwork","Prints","Art with Heart & Gifts","Print","Charmin","https://yourdomain.com/images/charmin-39.jpg","Charmin's Artwork #39",999,continue,0.3,"8x10",Yes,Yes,Yes,"art,print,charmin's artwork,handmade","Charmin's Artwork #39 - Art with Heart & Gifts","Beautiful print artwork by Charmin. Charmin's Artwork #39","charmins-artwork-39"
"Charmin's Artwork #40","Charmin's Artwork #40","Charmin's Artwork #40","charmin-40",15.00,,6.00,"Charmin's Artwork","Prints","Art with Heart & Gifts","Print","Charmin","https://yourdomain.com/images/charmin-40.jpg","Charmin's Artwork #40",999,continue,0.3,"8x10",Yes,Yes,Yes,"art,print,charmin's artwork,handmade","Charmin's Artwork #40 - Art with Heart & Gifts","Beautiful print artwork by Charmin. Charmin's Artwork #40","charmins-artwork-40"
"Charmin's Artwork #41","Charmin's Artwork #41","Charmin's Artwork #41","charmin-41",15.00,,6.00,"Charmin's Artwork","Prints","Art with Heart & Gifts","Print","Charmin","https://yourdomain.com/images/charmin-41.jpg","Charmin's Artwork #41",999,continue,0.3,"8x10",Yes,Yes,Yes,"art,print,charmin's artwork,handmade","Charmin's Artwork #41 - Art with Heart & Gifts","Beautiful print artwork by Charmin. Charmin's Artwork #41","charmins-artwork-41"
"Charmin's Artwork #42","Charmin's Artwork #42","Charmin's Artwork #42","charmin-42",15.00,,6.00,"Charmin's Artwork","Prints","Art with Heart & Gifts","Print","Charmin","https://yourdomain.com/images/charmin-42.jpg","Charmin's Artwork #42",999,continue,0.3,"8x10",Yes,Yes,Yes,"art,print,charmin's artwork,handmade","Charmin's Artwork #42 - Art with Heart & Gifts","Beautiful print artwork by Charmin. Charmin's Artwork #42","charmins-artwork-42"
"Charmin's Artwork #43","Charmin's Artwork #43","Charmin's Artwork #43","charmin-43",15.00,,6.00,"Charmin's Artwork","Prints","Art with Heart & Gifts","Print","Charmin","https://yourdomain.com/images/charmin-43.jpg","Charmin's Artwork #43",999,continue,0.3,"8x10",Yes,Yes,Yes,"art,print,charmin's artwork,handmade","Charmin's Artwork #43 - Art with Heart & Gifts","Beautiful print artwork by Charmin. Charmin's Artwork #43","charmins-artwork-43"
"Charmin's Artwork #44","Charmin's Artwork #44","Charmin's Artwork #44","charmin-44",15.00,,6.00,"Charmin's Artwork","Prints","Art with Heart & Gifts","Print","Charmin","https://yourdomain.com/images/charmin-44.jpg","Charmin's Artwork #44",999,continue,0.3,"8x10",Yes,Yes,Yes,"art,print,charmin's artwork,handmade","Charmin's Artwork #44 - Art with Heart & Gifts","Beautiful print artwork by Charmin. Charmin's Artwork #44","charmins-artwork-44"
"Charmin's Artwork #45","Charmin's Artwork #45","Charmin's Artwork #45","charmin-45",15.00,,6.00,"Charmin's Artwork","Prints","Art with Heart & Gifts","Print","Charmin","https://yourdomain.com/images/charmin-45.jpg","Charmin's Artwork #45",999,continue,0.3,"8x10",Yes,Yes,Yes,"art,print,charmin's artwork,handmade","Charmin's Artwork #45 - Art with Heart & Gifts","Beautiful print artwork by Charmin. Charmin's Artwork #45","charmins-artwork-45"
"Charmin's Artwork #46","Charmin's Artwork #46","Charmin's Artwork #46","charmin-46",15.00,,6.00,"Charmin's Artwork","Prints","Art with Heart & Gifts","Print","Charmin","https://yourdomain.com/images/charmin-46.jpg","Charmin's Artwork #46",999,continue,0.3,"8x10",Yes,Yes,Yes,"art,print,charmin's artwork,handmade","Charmin's Artwork #46 - Art with Heart & Gifts","Beautiful print artwork by Charmin. Charmin's Artwork #46","charmins-artwork-46"
"Charmin's Artwork #47","Charmin's Artwork #47","Charmin's Artwork #47","charmin-47",15.00,,6.00,"Charmin's Artwork","Prints","Art with Heart & Gifts","Print","Charmin","https://yourdomain.com/images/charmin-47.jpg","Charmin's Artwork #47",999,continue,0.3,"8x10",Yes,Yes,Yes,"art,print,charmin's artwork,handmade","Charmin's Artwork #47 - Art with Heart & Gifts","Beautiful print artwork by Charmin. Charmin's Artwork #47","charmins-artwork-47"
"Charmin's Artwork #48","Charmin's Artwork #48","Charmin's Artwork #48","charmin-48",15.00,,6.00,"Charmin's Artwork","Prints","Art with Heart & Gifts","Print","Charmin","https://yourdomain.com/images/charmin-48.jpg","Charmin's Artwork #48",999,continue,0.3,"8x10",Yes,Yes,Yes,"art,print,charmin's artwork,handmade","Charmin's Artwork #48 - Art with Heart & Gifts","Beautiful print artwork by Charmin. Charmin's Artwork #48","charmins-artwork-48"
"Charmin's Artwork #49","Charmin's Artwork #49","Charmin's Artwork #49","charmin-49",15.00,,6.00,"Charmin's Artwork","Prints","Art with Heart & Gifts","Print","Charmin","https://yourdomain.com/images/charmin-49.jpg","Charmin's Artwork #49",999,continue,0.3,"8x10",Yes,Yes,Yes,"art,print,charmin's artwork,handmade","Charmin's Artwork #49 - Art with Heart & Gifts","Beautiful print artwork by Charmin. Charmin's Artwork #49","charmins-artwork-49"
"Charmin's Artwork #50","Charmin's Artwork #50","Charmin's Artwork #50","charmin-50",15.00,,6.00,"Charmin's Artwork","Prints","Art with Heart & Gifts","Print","Charmin","https://yourdomain.com/images/charmin-50.jpg","Charmin's Artwork #50",999,continue,0.3,"8x10",Yes,Yes,Yes,"art,print,charmin's artwork,handmade","Charmin's Artwork #50 - Art with Heart & Gifts","Beautiful print artwork by Charmin. Charmin's Artwork #50","charmins-artwork-50"
"Charmin's Artwork #51","Charmin's Artwork #51","Charmin's Artwork #51","charmin-51",15.00,,6.00,"Charmin's Artwork","Prints","Art with Heart & Gifts","Print","Charmin","https://yourdomain.com/images/charmin-51.jpg","Charmin's Artwork #51",999,continue,0.3,"8x10",Yes,Yes,Yes,"art,print,charmin's artwork,handmade","Charmin's Artwork #51 - Art with Heart & Gifts","Beautiful print artwork by Charmin. Charmin's Artwork #51","charmins-artwork-51"
"Charmin's Artwork #52","Charmin's Artwork #52","Charmin's Artwork #52","charmin-52",15.00,,6.00,"Charmin's Artwork","Prints","Art with Heart & Gifts","Print","Charmin","https://yourdomain.com/images/charmin-52.jpg","Charmin's Artwork #52",999,continue,0.3,"8x10",Yes,Yes,Yes,"art,print,charmin's artwork,handmade","Charmin's Artwork #52 - Art with Heart & Gifts","Beautiful print artwork by Charmin. Charmin's Artwork #52","charmins-artwork-52"
"Charmin's Artwork #53","Charmin's Artwork #53","Charmin's Artwork #53","charmin-53",15.00,,6.00,"Charmin's Artwork","Prints","Art with Heart & Gifts","Print","Charmin","https://yourdomain.com/images/charmin-53.jpg","Charmin's Artwork #53",999,continue,0.3,"8x10",Yes,Yes,Yes,"art,print,charmin's artwork,handmade","Charmin's Artwork #53 - Art with Heart & Gifts","Beautiful print artwork by Charmin. Charmin's Artwork #53","charmins-artwork-53"
"Charmin's Artwork #54","Charmin's Artwork #54","Charmin's Artwork #54","charmin-54",15.00,,6.00,"Charmin's Artwork","Prints","Art with Heart & Gifts","Print","Charmin","https://yourdomain.com/images/charmin-54.jpg","Charmin's Artwork #54",999,continue,0.3,"8x10",Yes,Yes,Yes,"art,print,charmin's artwork,handmade","Charmin's Artwork #54 - Art with Heart & Gifts","Beautiful print artwork by Charmin. Charmin's Artwork #54","charmins-artwork-54"
"Charmin's Artwork #55","Charmin's Artwork #55","Charmin's Artwork #55","charmin-55",15.00,,6.00,"Charmin's Artwork","Prints","Art with Heart & Gifts","Print","Charmin","https://yourdomain.com/images/charmin-55.jpg","Charmin's Artwork #55",999,continue,0.3,"8x10",Yes,Yes,Yes,"art,print,charmin's artwork,handmade","Charmin's Artwork #55 - Art with Heart & Gifts","Beautiful print artwork by Charmin. Charmin's Artwork #55","charmins-artwork-55"
"Charmin's Artwork #56","Charmin's Artwork #56","Charmin's Artwork #56","charmin-56",15.00,,6.00,"Charmin's Artwork","Prints","Art with Heart & Gifts","Print","Charmin","https://yourdomain.com/images/charmin-56.jpg","Charmin's Artwork #56",999,continue,0.3,"8x10",Yes,Yes,Yes,"art,print,charmin's artwork,handmade","Charmin's Artwork #56 - Art with Heart & Gifts","Beautiful print artwork by Charmin. Charmin's Artwork #56","charmins-artwork-56"
"Charmin's Artwork #57","Charmin's Artwork #57","Charmin's Artwork #57","charmin-57",15.00,,6.00,"Charmin's Artwork","Prints","Art with Heart & Gifts","Print","Charmin","https://yourdomain.com/images/charmin-57.jpg","Charmin's Artwork #57",999,continue,0.3,"8x10",Yes,Yes,Yes,"art,print,charmin's artwork,handmade","Charmin's Artwork #57 - Art with Heart & Gifts","Beautiful print artwork by Charmin. Charmin's Artwork #57","charmins-artwork-57"
"Charmin's Artwork #58","Charmin's Artwork #58","Charmin's Artwork #58","charmin-58",15.00,,6.00,"Charmin's Artwork","Prints","Art with Heart & Gifts","Print","Charmin","https://yourdomain.com/images/charmin-58.jpg","Charmin's Artwork #58",999,continue,0.3,"8x10",Yes,Yes,Yes,"art,print,charmin's artwork,handmade","Charmin's Artwork #58 - Art with Heart & Gifts","Beautiful print artwork by Charmin. Charmin's Artwork #58","charmins-artwork-58"
"Charmin's Artwork #60","Charmin's Artwork #60","Charmin's Artwork #60","charmin-60",15.00,,6.00,"Charmin's Artwork","Prints","Art with Heart & Gifts","Print","Charmin","https://yourdomain.com/images/charmin-60.jpg","Charmin's Artwork #60",999,continue,0.3,"8x10",Yes,Yes,Yes,"art,print,charmin's artwork,handmade","Charmin's Artwork #60 - Art with Heart & Gifts","Beautiful print artwork by Charmin. Charmin's Artwork #60","charmins-artwork-60"
"Charmin's Artwork #70","Charmin's Artwork #70","Charmin's Artwork #70","charmin-70",15.00,,6.00,"Charmin's Artwork","Prints","Art with Heart & Gifts","Print","Charmin","https://yourdomain.com/images/charmin-70.jpg","Charmin's Artwork #70",999,continue,0.3,"8x10",Yes,Yes,Yes,"art,print,charmin's artwork,handmade","Charmin's Artwork #70 - Art with Heart & Gifts","Beautiful print artwork by Charmin. Charmin's Artwork #70","charmins-artwork-70"
"Charmin's Artwork #71","Charmin's Artwork #71","Charmin's Artwork #71","charmin-71",15.00,,6.00,"Charmin's Artwork","Prints","Art with Heart & Gifts","Print","Charmin","https://yourdomain.com/images/charmin-71.jpg","Charmin's Artwork #71",999,continue,0.3,"8x10",Yes,Yes,Yes,"art,print,charmin's artwork,handmade","Charmin's Artwork #71 - Art with Heart & Gifts","Beautiful print artwork by Charmin. Charmin's Artwork #71","charmins-artwork-71"
"Charmin's Artwork #72","Charmin's Artwork #72","Charmin's Artwork #72","charmin-72",15.00,,6.00,"Charmin's Artwork","Prints","Art with Heart & Gifts","Print","Charmin","https://yourdomain.com/images/charmin-72.jpg","Charmin's Artwork #72",999,continue,0.3,"8x10",Yes,Yes,Yes,"art,print,charmin's artwork,handmade","Charmin's Artwork #72 - Art with Heart & Gifts","Beautiful print artwork by Charmin. Charmin's Artwork #72","charmins-artwork-72"
"Charmin's Artwork #73","Charmin's Artwork #73","Charmin's Artwork #73","charmin-73",15.00,,6.00,"Charmin's Artwork","Prints","Art with Heart & Gifts","Print","Charmin","https://yourdomain.com/images/charmin-73.jpg","Charmin's Artwork #73",999,continue,0.3,"8x10",Yes,Yes,Yes,"art,print,charmin's artwork,handmade","Charmin's Artwork #73 - Art with Heart & Gifts","Beautiful print artwork by Charmin. Charmin's Artwork #73","charmins-artwork-73"
"Charmin's Artwork #74","Charmin's Artwork #74","Charmin's Artwork #74","charmin-74",15.00,,6.00,"Charmin's Artwork","Prints","Art with Heart & Gifts","Print","Charmin","https://yourdomain.com/images/charmin-74.jpg","Charmin's Artwork #74",999,continue,0.3,"8x10",Yes,Yes,Yes,"art,print,charmin's artwork,handmade","Charmin's Artwork #74 - Art with Heart & Gifts","Beautiful print artwork by Charmin. Charmin's Artwork #74","charmins-artwork-74"
"Charmin's Artwork #75","Charmin's Artwork #75","Charmin's Artwork #75","charmin-75",15.00,,6.00,"Charmin's Artwork","Prints","Art with Heart & Gifts","Print","Charmin","https://yourdomain.com/images/charmin-75.jpg","Charmin's Artwork #75",999,continue,0.3,"8x10",Yes,Yes,Yes,"art,print,charmin's artwork,handmade","Charmin's Artwork #75 - Art with Heart & Gifts","Beautiful print artwork by Charmin. Charmin's Artwork #75","charmins-artwork-75"
"Charmin's Artwork #76","Charmin's Artwork #76","Charmin's Artwork #76","charmin-76",15.00,,6.00,"Charmin's Artwork","Prints","Art with Heart & Gifts","Print","Charmin","https://yourdomain.com/images/charmin-76.jpg","Charmin's Artwork #76",999,continue,0.3,"8x10",Yes,Yes,Yes,"art,print,charmin's artwork,handmade","Charmin's Artwork #76 - Art with Heart & Gifts","Beautiful print artwork by Charmin. Charmin's Artwork #76","charmins-artwork-76"
"Charmin's Artwork #77","Charmin's Artwork #77","Charmin's Artwork #77","charmin-77",15.00,,6.00,"Charmin's Artwork","Prints","Art with Heart & Gifts","Print","Charmin","https://yourdomain.com/images/charmin-77.jpg","Charmin's Artwork #77",999,continue,0.3,"8x10",Yes,Yes,Yes,"art,print,charmin's artwork,handmade","Charmin's Artwork #77 - Art with Heart & Gifts","Beautiful print artwork by Charmin. Charmin's Artwork #77","charmins-artwork-77"
"Charmin's Artwork #79","Charmin's Artwork #79","Charmin's Artwork #79","charmin-79",15.00,,6.00,"Charmin's Artwork","Prints","Art with Heart & Gifts","Print","Charmin","https://yourdomain.com/images/charmin-79.jpg","Charmin's Artwork #79",999,continue,0.3,"8x10",Yes,Yes,Yes,"art,print,charmin's artwork,handmade","Charmin's Artwork #79 - Art with Heart & Gifts","Beautiful print artwork by Charmin. Charmin's Artwork #79","charmins-artwork-79"
"Charmin's Artwork #80","Charmin's Artwork #80","Charmin's Artwork #80","charmin-80",15.00,,6.00,"Charmin's Artwork","Prints","Art with Heart & Gifts","Print","Charmin","https://yourdomain.com/images/charmin-80.jpg","Charmin's Artwork #80",999,continue,0.3,"8x10",Yes,Yes,Yes,"art,print,charmin's artwork,handmade","Charmin's Artwork #80 - Art with Heart & Gifts","Beautiful print artwork by Charmin. Charmin's Artwork #80","charmins-artwork-80"
"Charmin's Artwork #81","Charmin's Artwork #81","Charmin's Artwork #81","charmin-81",15.00,,6.00,"Charmin's Artwork","Prints","Art with Heart & Gifts","Print","Charmin","https://yourdomain.com/images/charmin-81.jpg","Charmin's Artwork #81",999,continue,0.3,"8x10",Yes,Yes,Yes,"art,print,charmin's artwork,handmade","Charmin's Artwork #81 - Art with Heart & Gifts","Beautiful print artwork by Charmin. Charmin's Artwork #81","charmins-artwork-81"
"Charmin's Artwork #82","Charmin's Artwork #82","Charmin's Artwork #82","charmin-82",15.00,,6.00,"Charmin's Artwork","Prints","Art with Heart & Gifts","Print","Charmin","https://yourdomain.com/images/charmin-82.jpg","Charmin's Artwork #82",999,continue,0.3,"8x10",Yes,Yes,Yes,"art,print,charmin's artwork,handmade","Charmin's Artwork #82 - Art with Heart & Gifts","Beautiful print artwork by Charmin. Charmin's Artwork #82","charmins-artwork-82"
"Charmin's Artwork #83","Charmin's Artwork #83","Charmin's Artwork #83","charmin-83",15.00,,6.00,"Charmin's Artwork","Prints","Art with Heart & Gifts","Print","Charmin","https://yourdomain.com/images/charmin-83.jpg","Charmin's Artwork #83",999,continue,0.3,"8x10",Yes,Yes,Yes,"art,print,charmin's artwork,handmade","Charmin's Artwork #83 - Art with Heart & Gifts","Beautiful print artwork by Charmin. Charmin's Artwork #83","charmins-artwork-83"
"Charmin's Artwork #84","Charmin's Artwork #84","Charmin's Artwork #84","charmin-84",15.00,,6.00,"Charmin's Artwork","Prints","Art with Heart & Gifts","Print","Charmin","https://yourdomain.com/images/charmin-84.jpg","Charmin's Artwork #84",999,continue,0.3,"8x10",Yes,Yes,Yes,"art,print,charmin's artwork,handmade","Charmin's Artwork #84 - Art with Heart & Gifts","Beautiful print artwork by Charmin. Charmin's Artwork #84","charmins-artwork-84"
"Charmin's Artwork #85","Charmin's Artwork #85","Charmin's Artwork #85","charmin-85",15.00,,6.00,"Charmin's Artwork","Prints","Art with Heart & Gifts","Print","Charmin","https://yourdomain.com/images/charmin-85.jpg","Charmin's Artwork #85",999,continue,0.3,"8x10",Yes,Yes,Yes,"art,print,charmin's artwork,handmade","Charmin's Artwork #85 - Art with Heart & Gifts","Beautiful print artwork by Charmin. Charmin's Artwork #85","charmins-artwork-85"
"Charmin's Artwork #86","Charmin's Artwork #86","Charmin's Artwork #86","charmin-86",15.00,,6.00,"Charmin's Artwork","Prints","Art with Heart & Gifts","Print","Charmin","https://yourdomain.com/images/charmin-86.jpg","Charmin's Artwork #86",999,continue,0.3,"8x10",Yes,Yes,Yes,"art,print,charmin's artwork,handmade","Charmin's Artwork #86 - Art with Heart & Gifts","Beautiful print artwork by Charmin. Charmin's Artwork #86","charmins-artwork-86"
"Charmin's Artwork #87","Charmin's Artwork #87","Charmin's Artwork #87","charmin-87",15.00,,6.00,"Charmin's Artwork","Prints","Art with Heart & Gifts","Print","Charmin","https://yourdomain.com/images/charmin-87.jpg","Charmin's Artwork #87",999,continue,0.3,"8x10",Yes,Yes,Yes,"art,print,charmin's artwork,handmade","Charmin's Artwork #87 - Art with Heart & Gifts","Beautiful print artwork by Charmin. Charmin's Artwork #87","charmins-artwork-87"
"Charmin's Artwork #88","Charmin's Artwork #88","Charmin's Artwork #88","charmin-88",15.00,,6.00,"Charmin's Artwork","Prints","Art with Heart & Gifts","Print","Charmin","https://yourdomain.com/images/charmin-88.jpg","Charmin's Artwork #88",999,continue,0.3,"8x10",Yes,Yes,Yes,"art,print,charmin's artwork,handmade","Charmin's Artwork #88 - Art with Heart & Gifts","Beautiful print artwork by Charmin. Charmin's Artwork #88","charmins-artwork-88"
"Charmin's Artwork #89","Charmin's Artwork #89","Charmin's Artwork #89","charmin-89",15.00,,6.00,"Charmin's Artwork","Prints","Art with Heart & Gifts","Print","Charmin","https://yourdomain.com/images/charmin-89.jpg","Charmin's Artwork #89",999,continue,0.3,"8x10",Yes,Yes,Yes,"art,print,charmin's artwork,handmade","Charmin's Artwork #89 - Art with Heart & Gifts","Beautiful print artwork by Charmin. Charmin's Artwork #89","charmins-artwork-89"
"Charmin's Artwork #90","Charmin's Artwork #90","Charmin's Artwork #90","charmin-90",15.00,,6.00,"Charmin's Artwork","Prints","Art with Heart & Gifts","Print","Charmin","https://yourdomain.com/images/charmin-90.jpg","Charmin's Artwork #90",999,continue,0.3,"8x10",Yes,Yes,Yes,"art,print,charmin's artwork,handmade","Charmin's Artwork #90 - Art with Heart & Gifts","Beautiful print artwork by Charmin. Charmin's Artwork #90","charmins-artwork-90"
"Charmin's Artwork #92","Charmin's Artwork #92","Charmin's Artwork #92","charmin-92",15.00,,6.00,"Charmin's Artwork","Prints","Art with Heart & Gifts","Print","Charmin","https://yourdomain.com/images/charmin-92.jpg","Charmin's Artwork #92",999,continue,0.3,"8x10",Yes,Yes,Yes,"art,print,charmin's artwork,handmade","Charmin's Artwork #92 - Art with Heart & Gifts","Beautiful print artwork by Charmin. Charmin's Artwork #92","charmins-artwork-92"
"Charmin's Artwork #93","Charmin's Artwork #93","Charmin's Artwork #93","charmin-93",15.00,,6.00,"Charmin's Artwork","Prints","Art with Heart & Gifts","Print","Charmin","https://yourdomain.com/images/charmin-93.jpg","Charmin's Artwork #93",999,continue,0.3,"8x10",Yes,Yes,Yes,"art,print,charmin's artwork,handmade","Charmin's Artwork #93 - Art with Heart & Gifts","Beautiful print artwork by Charmin. Charmin's Artwork #93","charmins-artwork-93"
"Charmin's Artwork #95","Charmin's Artwork #95","Charmin's Artwork #95","charmin-95",15.00,,6.00,"Charmin's Artwork","Prints","Art with Heart & Gifts","Print","Charmin","https://yourdomain.com/images/charmin-95.jpg","Charmin's Artwork #95",999,continue,0.3,"8x10",Yes,Yes,Yes,"art,print,charmin's artwork,handmade","Charmin's Artwork #95 - Art with Heart & Gifts","Beautiful print artwork by Charmin. Charmin's Artwork #95","charmins-artwork-95"
"Charmin's Artwork #96","Charmin's Artwork #96","Charmin's Artwork #96","charmin-96",15.00,,6.00,"Charmin's Artwork","Prints","Art with Heart & Gifts","Print","Charmin","https://yourdomain.com/images/charmin-96.jpg","Charmin's Artwork #96",999,continue,0.3,"8x10",Yes,Yes,Yes,"art,print,charmin's artwork,handmade","Charmin's Artwork #96 - Art with Heart & Gifts","Beautiful print artwork by Charmin. Charmin's Artwork #96","charmins-artwork-96"
"Charmin's Artwork #97","Charmin's Artwork #97","Charmin's Artwork #97","charmin-97",15.00,,6.00,"Charmin's Artwork","Prints","Art with Heart & Gifts","Print","Charmin","https://yourdomain.com/images/charmin-97.jpg","Charmin's Artwork #97",999,continue,0.3,"8x10",Yes,Yes,Yes,"art,print,charmin's artwork,handmade","Charmin's Artwork #97 - Art with Heart & Gifts","Beautiful print artwork by Charmin. Charmin's Artwork #97","charmins-artwork-97"
"Charmin's Artwork #98","Charmin's Artwork #98","Charmin's Artwork #98","charmin-98",15.00,,6.00,"Charmin's Artwork","Prints","Art with Heart & Gifts","Print","Charmin","https://yourdomain.com/images/charmin-98.jpg","Charmin's Artwork #98",999,continue,0.3,"8x10",Yes,Yes,Yes,"art,print,charmin's artwork,handmade","Charmin's Artwork #98 - Art with Heart & Gifts","Beautiful print artwork by Charmin. Charmin's Artwork #98","charmins-artwork-98"
"Charmin's Artwork #99","Charmin's Artwork #99","Charmin's Artwork #99","charmin-99",15.00,,6.00,"Charmin's Artwork","Prints","Art with Heart & Gifts","Print","Charmin","https://yourdomain.com/images/charmin-99.jpg","Charmin's Artwork #99",999,continue,0.3,"8x10",Yes,Yes,Yes,"art,print,charmin's artwork,handmade","Charmin's Artwork #99 - Art with Heart & Gifts","Beautiful print artwork by Charmin. Charmin's Artwork #99","charmins-artwork-99"